categoria,receita_total
Sports,146765.70000003258
Sci-Fi,130080.3000000674
Animation,127359.3000000661
Drama,123553.80000006022
Comedy,120074.40000005107
New,118991.40000005254
Action,118555.20000005889
Foreign,118034.10000005357
Games,117665.40000005189
Family,114904.50000005476
Documentary,112489.50000005029
Horror,102038.10000003314
Classics,100601.40000003653
Children,99281.70000003392
Travel,96820.80000002793
Music,92145.60000002295
